{"cameraMode":{"drawMode":0,"name":"Shaded","section":"Shading Mode"},"sceneLighting":false,"audioPlay":false,"sceneViewState":{"m_AlwaysRefresh":false,"showFog":true,"showSkybox":false,"showFlares":true,"showImageEffects":true,"showParticleSystems":true,"showVisualEffectGraphs":true,"m_FxEnabled":true},"in2DMode":false,"pivot":{"x":0.34082311391830447,"y":4.32086181640625,"z":-2.2346813678741457},"rotation":{"x":0.7633240818977356,"y":0.0077614327892661098,"z":-0.009153781458735466,"w":0.6459397673606873},"size":9.396621704101563,"orthographic":false}