{"cameraMode":{"drawMode":0,"name":"Shaded","section":"Shading Mode"},"sceneLighting":true,"audioPlay":false,"sceneViewState":{"m_AlwaysRefresh":false,"showFog":true,"showSkybox":true,"showFlares":true,"showImageEffects":true,"showParticleSystems":true,"showVisualEffectGraphs":true,"m_FxEnabled":true},"in2DMode":false,"pivot":{"x":-10.574633598327637,"y":14.126264572143555,"z":23.618825912475587},"rotation":{"x":-0.06342664361000061,"y":-0.06432504206895828,"z":-0.0040970453992486,"w":0.9959052205085754},"size":31.200908660888673,"orthographic":false}